<?xml version="1.0" encoding="UTF-8"?>
<!DOCTYPE log4j:configuration SYSTEM "log4j.dtd">
<log4j:configuration xmlns:log4j="http://jakarta.apache.org/log4j/"
                     xmlns:xsi="http://www.w3.org/2001/XMLSchema-instance"
                     xsi:schemaLocation="http://jakarta.apache.org/log4j/ ">
    <appender name="ConsoleAppender" class="org.apache.log4j.ConsoleAppender">
        <param name="Encoding" value="utf-8"/>
        <layout class="org.apache.log4j.PatternLayout">
            <param name="ConversionPattern"
                   value="%d{dd.MM.yyyy HH:mm:ss} %-5p %c{1} - %M %m%n"/>
        </layout>
    </appender>
    <logger name="hostel">
        <level value="debug"/>
    </logger>
    <root>
        <appender-ref ref="ConsoleAppender"/>
    </root>
</log4j:configuration>